{"cameraMode":{"drawMode":0,"name":"Shaded","section":"Shading Mode"},"sceneLighting":false,"audioPlay":false,"sceneViewState":{"m_AlwaysRefresh":false,"showFog":true,"showSkybox":false,"showFlares":true,"showImageEffects":true,"showParticleSystems":true,"showVisualEffectGraphs":true,"m_FxEnabled":true},"in2DMode":false,"pivot":{"x":10.333455085754395,"y":24.72772216796875,"z":-46.74591827392578},"rotation":{"x":0.21386268734931947,"y":0.40821972489356997,"z":-0.09898887574672699,"w":0.8819427490234375},"size":35.107173919677737,"orthographic":true}