{"cameraMode":{"drawMode":0,"name":"Shaded","section":"Shading Mode"},"sceneLighting":false,"audioPlay":false,"sceneViewState":{"m_AlwaysRefresh":false,"showFog":true,"showSkybox":false,"showFlares":true,"showImageEffects":true,"showParticleSystems":true,"showVisualEffectGraphs":true,"m_FxEnabled":true},"in2DMode":false,"pivot":{"x":26.888439178466798,"y":23.639738082885743,"z":-37.400001525878909},"rotation":{"x":-0.13646261394023896,"y":0.8255283236503601,"z":-0.22580833733081819,"w":-0.4988965392112732},"size":36.36571502685547,"orthographic":true}