{"cameraMode":{"drawMode":0,"name":"Shaded","section":"Shading Mode"},"sceneLighting":true,"audioPlay":false,"sceneViewState":{"m_AlwaysRefresh":false,"showFog":true,"showSkybox":true,"showFlares":true,"showImageEffects":true,"showParticleSystems":true,"showVisualEffectGraphs":true,"m_FxEnabled":true},"in2DMode":false,"pivot":{"x":-123.99678039550781,"y":20.665069580078126,"z":594.8790893554688},"rotation":{"x":-0.016590191051363946,"y":0.9798850417137146,"z":-0.17618237435817719,"w":-0.09227153658866883},"size":7.463445663452148,"orthographic":true}