{"cameraMode":{"drawMode":0,"name":"Shaded","section":"Shading Mode"},"sceneLighting":true,"audioPlay":false,"sceneViewState":{"m_AlwaysRefresh":false,"showFog":true,"showSkybox":true,"showFlares":true,"showImageEffects":true,"showParticleSystems":true,"showVisualEffectGraphs":true,"m_FxEnabled":true},"in2DMode":false,"pivot":{"x":24.802705764770509,"y":22.299713134765626,"z":-39.20000076293945},"rotation":{"x":-0.026545414701104165,"y":0.9728829860687256,"z":-0.17854319512844087,"w":-0.1446509212255478},"size":78.32479095458985,"orthographic":true}