{"cameraMode":{"drawMode":0,"name":"Shaded","section":"Shading Mode"},"sceneLighting":false,"audioPlay":false,"sceneViewState":{"m_AlwaysRefresh":false,"showFog":true,"showSkybox":false,"showFlares":true,"showImageEffects":true,"showParticleSystems":true,"showVisualEffectGraphs":true,"m_FxEnabled":true},"in2DMode":false,"pivot":{"x":-0.9507876634597778,"y":1.500983476638794,"z":2.5193557739257814},"rotation":{"x":0.04406992346048355,"y":0.9447901844978333,"z":-0.14279267191886903,"w":0.29163432121276858},"size":4.148906230926514,"orthographic":false}